,num_data,ask_time,tell_time
0,9,0.14487671852111816,1.2533226013183594
1,10,0.1280362606048584,1.0824501514434814
2,11,0.1608903408050537,0.9738869667053223
3,12,0.15925908088684082,0.9486894607543945
4,13,0.1572859287261963,0.943641185760498
5,14,0.1320631504058838,1.2339787483215332
6,15,0.12285256385803223,0.9316396713256836
7,16,0.11133480072021484,0.9603321552276611
8,17,0.146881103515625,1.0414648056030273
9,18,0.12904810905456543,0.9153804779052734
10,19,0.1226358413696289,0.854374885559082
11,20,0.12410807609558105,0.8171403408050537
12,21,0.10941052436828613,0.787909984588623
13,22,0.10941863059997559,0.782285213470459
14,23,0.10401058197021484,0.8060665130615234
15,24,0.12500405311584473,0.9593713283538818
16,25,0.15207815170288086,0.8420109748840332
17,26,0.12571072578430176,1.0422918796539307
18,27,0.10937738418579102,0.8141989707946777
19,28,0.1104884147644043,0.8025641441345215
20,29,0.12504100799560547,0.7943453788757324
21,30,0.10937356948852539,0.7938394546508789
22,31,0.12428522109985352,0.8153965473175049
23,32,0.10941243171691895,0.828399658203125
24,33,0.12623333930969238,0.8228001594543457
25,34,0.12500524520874023,0.7992751598358154
26,35,0.12612009048461914,1.0184962749481201
27,36,0.10941720008850098,0.796567440032959
28,37,0.12620925903320312,0.7894251346588135
29,38,0.12501120567321777,0.8360223770141602
30,39,0.12500715255737305,0.7951211929321289
31,40,0.10940980911254883,0.8324785232543945
32,41,0.12617874145507812,0.8093397617340088
33,42,0.1059415340423584,0.91690993309021
34,43,0.13842153549194336,1.2084136009216309
35,44,0.18804311752319336,1.2344849109649658
36,45,0.18899965286254883,1.1286723613739014
37,46,0.16899681091308594,1.0228824615478516
38,47,0.1531505584716797,0.946441650390625
39,48,0.13243508338928223,0.8099348545074463
40,49,0.13233065605163574,0.8767845630645752
41,50,0.12624764442443848,0.9056739807128906
42,51,0.1363973617553711,0.9130039215087891
43,52,0.12496685981750488,0.8263556957244873
44,53,0.12504005432128906,0.8044764995574951
45,54,0.11585378646850586,0.8105564117431641
46,55,0.12499737739562988,0.8053207397460938
47,56,0.12500596046447754,0.8665707111358643
48,57,0.13295245170593262,1.148533582687378
49,58,0.15574026107788086,0.908308744430542
50,59,0.13544368743896484,0.9926009178161621
51,60,0.15411806106567383,2.264655590057373
52,61,0.2640039920806885,1.134345293045044
53,62,0.16604995727539062,1.2738778591156006
54,63,0.1714465618133545,0.93896484375
55,64,0.14336872100830078,1.994002103805542
56,65,0.2656433582305908,0.9321353435516357
57,66,0.14182329177856445,1.2712979316711426
58,67,0.20800518989562988,1.4744195938110352
59,68,0.1470022201538086,2.3750009536743164
60,69,0.42900729179382324,1.2482852935791016
61,70,0.13999676704406738,1.2873640060424805
62,71,0.18903493881225586,0.9509468078613281
63,72,0.13900423049926758,1.0810832977294922
64,73,0.26900291442871094,2.269700050354004
65,74,0.2669997215270996,1.3480229377746582
66,75,0.19099736213684082,0.9528429508209229
67,76,0.14154815673828125,1.2392466068267822
68,77,0.25500035285949707,1.864128589630127
69,78,0.22700166702270508,1.1611664295196533
70,79,0.16640925407409668,1.2379624843597412
71,80,0.21199321746826172,1.0985491275787354
72,81,0.13900303840637207,1.2123098373413086
73,82,0.19071435928344727,1.3903980255126953
74,83,0.14366364479064941,1.0243165493011475
75,84,0.179304838180542,1.0354530811309814
76,85,0.15204524993896484,0.8880977630615234
77,86,0.14121413230895996,1.213860273361206
78,87,0.18167352676391602,0.9841361045837402
79,88,0.21920990943908691,1.2146015167236328
80,89,0.17800211906433105,0.8333280086517334
81,90,0.12456488609313965,0.8449680805206299
82,91,0.12525320053100586,0.8188619613647461
83,92,0.1300032138824463,0.8445847034454346
84,93,0.12804174423217773,0.8255295753479004
85,94,0.12900090217590332,0.8414227962493896
86,95,0.13399839401245117,1.0112593173980713
87,96,0.16899824142456055,1.0645053386688232
88,97,0.13500332832336426,0.9165692329406738
89,98,0.16832590103149414,0.9151036739349365
90,99,0.13427114486694336,1.2132201194763184
91,100,0.1383519172668457,1.2913818359375
92,101,0.27255892753601074,1.6669976711273193
93,102,0.27399754524230957,1.0367310047149658
94,103,0.14157438278198242,0.7920248508453369
95,104,0.10940837860107422,1.5342626571655273
96,105,0.20600056648254395,0.842564582824707
97,106,0.11491608619689941,0.7832412719726562
98,107,0.1093740463256836,1.3261733055114746
99,108,0.17100071907043457,0.850074291229248
100,109,0.13420701026916504,0.968170166015625
101,110,0.18233656883239746,1.0311853885650635
102,111,0.1141359806060791,0.74951171875
103,112,0.12200593948364258,0.7498857975006104
104,113,0.13193464279174805,0.7750144004821777
105,114,0.12633323669433594,0.8239908218383789
106,115,0.12203454971313477,0.7757644653320312
107,116,0.11900186538696289,0.7934808731079102
108,117,0.11800241470336914,0.776465892791748
109,118,0.11600208282470703,0.893132209777832
110,119,0.125,0.9033200740814209
111,120,0.12475895881652832,0.7741730213165283
112,121,0.1479647159576416,0.802030086517334
113,122,0.15023088455200195,0.7482435703277588
114,123,0.11623811721801758,0.7486288547515869
115,124,0.11931586265563965,0.7258431911468506
116,125,0.11934590339660645,0.7814109325408936
117,126,0.10271143913269043,0.7805600166320801
118,127,0.1225438117980957,0.9968223571777344
119,128,0.13953685760498047,1.1613459587097168
120,129,0.14062786102294922,0.8406848907470703
121,130,0.12400341033935547,0.8579766750335693
122,131,0.12599587440490723,0.7433381080627441
123,132,0.12500429153442383,0.7652733325958252
124,133,0.11794018745422363,0.734717845916748
125,134,0.12199759483337402,0.7633183002471924
126,135,0.12500524520874023,0.8176248073577881
127,136,0.1499488353729248,0.8615429401397705
128,137,0.130997896194458,0.830765962600708
129,138,0.12399935722351074,0.768512487411499
130,139,0.12200450897216797,0.7650601863861084
131,140,0.12400317192077637,0.8505542278289795
132,141,0.120208740234375,0.787783145904541
133,142,0.12500357627868652,0.7733373641967773
134,143,0.12235307693481445,1.0815110206604004
135,144,0.12678217887878418,1.1048519611358643
136,145,0.16356420516967773,0.7821221351623535
137,146,0.12374997138977051,1.2563488483428955
138,147,0.17799806594848633,0.865354061126709
139,148,0.1269998550415039,0.8262760639190674
140,149,0.13595247268676758,0.7873804569244385
141,150,0.12847471237182617,0.8549742698669434
142,151,0.14700055122375488,0.8789851665496826
143,152,0.13867759704589844,0.871248722076416
144,153,0.13968205451965332,0.8027386665344238
145,154,0.142042875289917,0.9340243339538574
146,155,0.18506526947021484,1.1456670761108398
147,156,0.14754915237426758,0.9072225093841553
148,157,0.14555931091308594,0.980405330657959
149,158,0.18800616264343262,0.8943219184875488
150,159,0.13533353805541992,1.1033248901367188
151,160,0.16492819786071777,1.3251945972442627
152,161,0.15300583839416504,0.7807440757751465
153,162,0.14700055122375488,0.8601443767547607
154,163,0.15400314331054688,1.062603235244751
155,164,0.1458430290222168,0.7200000286102295
156,165,0.12052774429321289,0.7252974510192871
157,166,0.12400031089782715,0.8649635314941406
158,167,0.19199872016906738,1.7332439422607422
159,168,0.2060534954071045,2.0917398929595947
160,169,0.2016620635986328,0.816495418548584
161,170,0.1428050994873047,0.87436842918396
162,171,0.13327980041503906,1.3686847686767578
163,172,0.21223950386047363,0.8276467323303223
164,173,0.15964913368225098,0.8724212646484375
165,174,0.1713242530822754,0.8779411315917969
166,175,0.15631818771362305,0.8782474994659424
167,176,0.14910674095153809,0.9616661071777344
168,177,0.17228364944458008,0.882321834564209
169,178,0.1417245864868164,0.7658123970031738
170,179,0.14580488204956055,0.8642644882202148
171,180,0.15964913368225098,0.8969461917877197
172,181,0.16269207000732422,0.8219337463378906
173,182,0.1441483497619629,1.2920591831207275
174,183,0.15085983276367188,0.7895703315734863
175,184,0.13516569137573242,0.858734130859375
176,185,0.14758563041687012,0.894773006439209
177,186,0.18695831298828125,1.1601479053497314
178,187,0.17021918296813965,1.0448031425476074
179,188,0.15645980834960938,0.779644250869751
180,189,0.15000343322753906,0.8754022121429443
181,190,0.1580030918121338,1.0883259773254395
182,191,0.19786977767944336,0.8683006763458252
183,192,0.16600298881530762,0.8849024772644043
184,193,0.19897127151489258,0.9896087646484375
185,194,0.1712939739227295,0.9174473285675049
186,195,0.19403815269470215,1.033170223236084
187,196,0.19311881065368652,1.389953374862671
188,197,0.20678257942199707,1.4135675430297852
189,198,0.2918524742126465,1.0488638877868652
190,199,0.18363404273986816,1.0121550559997559
191,200,0.18891024589538574,1.2615137100219727
192,201,0.15417265892028809,0.8785881996154785
193,202,0.15159368515014648,0.8418538570404053
194,203,0.15224575996398926,1.1119368076324463
195,204,0.2144017219543457,1.300121545791626
196,205,0.15207695960998535,0.9538276195526123
197,206,0.14678239822387695,0.9749336242675781
198,207,0.146226167678833,0.9285256862640381
199,208,0.16500544548034668,1.0229949951171875
200,209,0.17900514602661133,0.9794797897338867
201,210,0.15500402450561523,0.8682377338409424
202,211,0.15756964683532715,0.9193944931030273
203,212,0.15512657165527344,0.8950166702270508
204,213,0.15625619888305664,1.1207101345062256
205,214,0.17086482048034668,0.9828684329986572
206,215,0.16960620880126953,0.8699443340301514
207,216,0.17688894271850586,0.9010336399078369
208,217,0.16300535202026367,1.017592191696167
209,218,0.17000460624694824,0.9139959812164307
210,219,0.15340232849121094,1.5004920959472656
211,220,0.3036167621612549,1.1443548202514648
212,221,0.18753457069396973,1.3253357410430908
213,222,0.17000460624694824,1.1613247394561768
214,223,0.2107851505279541,1.3292369842529297
215,224,0.2350010871887207,1.6176657676696777
216,225,0.26271486282348633,1.0819809436798096
217,226,0.1790027618408203,0.9616663455963135
218,227,0.1729588508605957,1.0797514915466309
219,228,0.18300342559814453,0.9910407066345215
220,229,0.18300294876098633,1.2734744548797607
221,230,0.1986250877380371,1.3837499618530273
222,231,0.23564505577087402,1.941307783126831
223,232,0.24900031089782715,0.9798917770385742
224,233,0.19904065132141113,1.1038868427276611
225,234,0.19168496131896973,1.038743495941162
226,235,0.1567533016204834,0.8891866207122803
227,236,0.17675280570983887,0.9623034000396729
228,237,0.1873321533203125,0.9798924922943115
229,238,0.1678168773651123,0.9645035266876221
230,239,0.17799639701843262,1.1778128147125244
231,240,0.21278643608093262,1.4829423427581787
232,241,0.2092609405517578,0.9696528911590576
233,242,0.1562497615814209,0.9192965030670166
234,243,0.17300891876220703,0.8807218074798584
235,244,0.15624642372131348,0.9207613468170166
236,245,0.1646103858947754,0.9367854595184326
237,246,0.16591596603393555,0.9222233295440674
238,247,0.1671454906463623,0.8820359706878662
239,248,0.17165207862854004,0.9501683712005615
240,249,0.1880042552947998,1.2785446643829346
241,250,0.2780017852783203,1.980151891708374
242,251,0.2500014305114746,1.1283600330352783
243,252,0.3640134334564209,2.030939817428589
244,253,0.38190627098083496,1.8593029975891113
245,254,0.3000044822692871,1.9786829948425293
246,255,0.24398589134216309,1.1356487274169922
247,256,0.20435452461242676,1.199284553527832
248,257,0.30239343643188477,1.176621437072754
249,258,0.18799948692321777,1.0000553131103516
250,259,0.17900347709655762,1.1733579635620117
251,260,0.19120097160339355,1.3000082969665527
252,261,0.21700286865234375,0.9631898403167725
253,262,0.1689162254333496,1.0678911209106445
254,263,0.18877816200256348,1.045405387878418
255,264,0.18753790855407715,1.2097501754760742
256,265,0.2368452548980713,1.1347510814666748
257,266,0.20914721488952637,1.7362306118011475
258,267,0.2065107822418213,1.0886824131011963
259,268,0.18300294876098633,0.9425888061523438
260,269,0.17773747444152832,0.9239764213562012
261,270,0.17566275596618652,1.100409984588623
262,271,0.19217991828918457,1.051375389099121
263,272,0.18750500679016113,1.1664063930511475
264,273,0.2330024242401123,1.482785701751709
265,274,0.23400068283081055,1.2991325855255127
266,275,0.20244216918945312,0.9653117656707764
267,276,0.16914868354797363,0.8732881546020508
268,277,0.15629315376281738,1.2895870208740234
269,278,0.17776989936828613,0.959388256072998
270,279,0.20151090621948242,1.685420036315918
271,280,0.29865026473999023,1.6568312644958496
272,281,0.26453590393066406,1.2255170345306396
273,282,0.19475913047790527,1.024585247039795
274,283,0.20402097702026367,0.9302196502685547
275,284,0.15629124641418457,0.9008629322052002
276,285,0.15625357627868652,1.0320851802825928
277,286,0.25472044944763184,1.2907438278198242
278,287,0.320803165435791,1.964592456817627
279,288,0.1893925666809082,0.9069950580596924
280,289,0.19068336486816406,1.2899882793426514
281,290,0.19626927375793457,1.1003227233886719
282,291,0.19060754776000977,2.0525050163269043
283,292,0.3789937496185303,1.9849166870117188
284,293,0.36299824714660645,2.806990623474121
285,294,0.2793769836425781,1.6149771213531494
286,295,0.21057605743408203,1.084022045135498
287,296,0.2013232707977295,2.1623477935791016
288,297,0.37200069427490234,1.1657655239105225
289,298,0.2440803050994873,1.2653095722198486
290,299,0.23600339889526367,2.05952525138855
291,300,0.32399606704711914,1.287743091583252
292,301,0.3156704902648926,1.6140341758728027
293,302,0.2042980194091797,1.0436553955078125
294,303,0.19136333465576172,1.039050579071045
295,304,0.21520447731018066,1.2156298160552979
296,305,0.19311261177062988,1.4403512477874756
297,306,0.21434926986694336,1.682934284210205
298,307,0.34017038345336914,2.266051769256592
299,308,0.28771090507507324,1.251692533493042
300,309,0.20863080024719238,1.548201084136963
301,310,0.25560951232910156,1.306056261062622
302,311,0.2720043659210205,1.595320463180542
303,312,0.2740025520324707,1.1039619445800781
304,313,0.19983267784118652,1.373932123184204
305,314,0.33500170707702637,1.4734747409820557
306,315,0.24663734436035156,1.3574669361114502
307,316,0.24960923194885254,1.1104512214660645
308,317,0.22351741790771484,1.1606006622314453
309,318,0.1995077133178711,1.496999740600586
310,319,0.24699974060058594,0.9670164585113525
311,320,0.19479131698608398,1.6720097064971924
312,321,0.3960707187652588,1.5171928405761719
313,322,0.25307464599609375,1.4165256023406982
314,323,0.215301513671875,0.979046106338501
315,324,0.20670390129089355,1.0951063632965088
316,325,0.23326420783996582,1.2490286827087402
317,326,0.2067241668701172,1.1594085693359375
318,327,0.23381781578063965,1.151853322982788
319,328,0.2614576816558838,1.5210800170898438
320,329,0.24816155433654785,2.068005084991455
321,330,0.31209349632263184,1.039954423904419
322,331,0.19947290420532227,1.1081764698028564
323,332,0.19538378715515137,0.9465441703796387
324,333,0.18866562843322754,1.0156457424163818
325,334,0.1944718360900879,1.075387716293335
326,335,0.2620108127593994,1.1438276767730713
327,336,0.2859971523284912,1.9528837203979492
328,337,0.2900822162628174,1.533013105392456
329,338,0.22300505638122559,1.196967601776123
330,339,0.21000409126281738,1.4152910709381104
331,340,0.20722675323486328,1.072988748550415
332,341,0.20701956748962402,1.1068367958068848
333,342,0.22800016403198242,1.1935782432556152
334,343,0.22172069549560547,0.9957842826843262
335,344,0.21462464332580566,1.7060697078704834
336,345,0.2301642894744873,1.232283115386963
337,346,0.21553754806518555,1.1075847148895264
338,347,0.20266318321228027,1.4398369789123535
339,348,0.21987533569335938,1.259307622909546
340,349,0.20900464057922363,0.9985308647155762
341,350,0.204362154006958,1.0183606147766113
342,351,0.21457886695861816,1.4081294536590576
343,352,0.3470032215118408,1.0504951477050781
344,353,0.23944544792175293,1.1219189167022705
345,354,0.20943045616149902,1.239342212677002
346,355,0.24422430992126465,1.5879766941070557
347,356,0.2523496150970459,1.3182475566864014
348,357,0.3072981834411621,1.1075961589813232
349,358,0.22001981735229492,1.1835336685180664
350,359,0.21100258827209473,1.2617344856262207
351,360,0.2554490566253662,1.4991910457611084
352,361,0.24504828453063965,1.3185598850250244
353,362,0.23516178131103516,1.5292127132415771
354,363,0.31355905532836914,1.4560070037841797
355,364,0.2500038146972656,1.1599185466766357
356,365,0.21312403678894043,1.854522705078125
357,366,0.26952433586120605,1.7585527896881104
358,367,0.29955053329467773,1.817723274230957
359,368,0.34627604484558105,2.032506227493286
360,369,0.24499845504760742,1.249588966369629
361,370,0.2296745777130127,1.2568719387054443
362,371,0.23202300071716309,1.3266105651855469
363,372,0.23799490928649902,1.3379926681518555
364,373,0.2239077091217041,1.0853307247161865
365,374,0.219313383102417,2.0124247074127197
366,375,0.266002893447876,1.4222683906555176
367,376,0.26572132110595703,1.4624369144439697
368,377,0.2626519203186035,1.1534972190856934
369,378,0.23000478744506836,1.1457068920135498
370,379,0.24973011016845703,1.3397626876831055
371,380,0.2285614013671875,1.5973551273345947
372,381,0.23306632041931152,1.0640032291412354
373,382,0.21877074241638184,1.4993348121643066
374,383,0.23140215873718262,1.4078068733215332
375,384,0.2351987361907959,1.2683172225952148
376,385,0.22250938415527344,1.1717000007629395
377,386,0.2178339958190918,1.3334927558898926
378,387,0.23914790153503418,1.238293170928955
379,388,0.21628689765930176,1.394176959991455
380,389,0.2798459529876709,1.3152105808258057
381,390,0.24679160118103027,1.3708083629608154
382,391,0.2763233184814453,1.853278398513794
383,392,0.24976587295532227,1.317394733428955
384,393,0.2429978847503662,1.7062764167785645
385,394,0.3019988536834717,1.1714742183685303
386,395,0.22835826873779297,1.09708833694458
387,396,0.21996164321899414,1.2704644203186035
388,397,0.22600221633911133,1.0607259273529053
389,398,0.23203253746032715,1.0882878303527832
390,399,0.23040270805358887,1.4076111316680908
391,400,0.2502784729003906,1.457838773727417
392,401,0.23729395866394043,1.1059272289276123
393,402,0.2443695068359375,1.6125049591064453
394,403,0.26981019973754883,1.3330016136169434
395,404,0.22679471969604492,1.254079818725586
396,405,0.22300171852111816,1.33683180809021
397,406,0.2191927433013916,1.4577383995056152
398,407,0.2290031909942627,1.006791353225708
399,408,0.21374893188476562,1.3717970848083496
400,409,0.2230989933013916,1.1649649143218994
401,410,0.21731829643249512,1.0819320678710938
402,411,0.22207903861999512,1.6629962921142578
403,412,0.2735433578491211,1.5422558784484863
404,413,0.25255846977233887,1.5736074447631836
405,414,0.2353200912475586,2.031193971633911
406,415,0.28467798233032227,1.5029194355010986
407,416,0.2601296901702881,1.4173600673675537
408,417,0.2582070827484131,1.5685110092163086
409,418,0.2525789737701416,1.2915871143341064
410,419,0.2470564842224121,1.5433108806610107
411,420,0.3210005760192871,1.4890570640563965
412,421,0.25103759765625,1.390918254852295
413,422,0.2322688102722168,1.3008143901824951
414,423,0.24755334854125977,1.320887804031372
415,424,0.22368860244750977,1.4326701164245605
416,425,0.24500489234924316,1.156395673751831
417,426,0.21645522117614746,1.6168005466461182
418,427,0.2666192054748535,1.979943037033081
419,428,0.24499940872192383,1.4456627368927002
420,429,0.24356961250305176,1.3343374729156494
421,430,0.23438024520874023,1.8596949577331543
422,431,0.30527448654174805,1.3811752796173096
423,432,0.24320769309997559,1.4625155925750732
424,433,0.255002498626709,1.237847089767456
425,434,0.25300025939941406,1.6726808547973633
426,435,0.25131702423095703,1.8156402111053467
427,436,0.2902858257293701,1.5117831230163574
428,437,0.349001407623291,1.9489226341247559
429,438,0.3277003765106201,2.173614978790283
430,439,0.2857656478881836,1.7720766067504883
431,440,0.2582392692565918,1.3744730949401855
432,441,0.2923552989959717,1.5479044914245605
433,442,0.2512342929840088,1.5572900772094727
434,443,0.27227330207824707,1.3679189682006836
435,444,0.2457575798034668,1.7148385047912598
436,445,0.3150010108947754,2.431321620941162
437,446,0.291614294052124,1.968895673751831
438,447,0.28599977493286133,2.9236879348754883
439,448,0.28057241439819336,1.8689515590667725
440,449,0.2757077217102051,1.840355634689331
441,450,0.3030827045440674,1.6645762920379639
442,451,0.2677652835845947,1.2711403369903564
443,452,0.2656280994415283,2.07830548286438
444,453,0.28126096725463867,1.5367541313171387
445,454,0.28011631965637207,1.4272422790527344
446,455,0.2620563507080078,1.6049177646636963
447,456,0.2606949806213379,1.2725422382354736
448,457,0.23192524909973145,2.3992388248443604
449,458,0.5624346733093262,1.5192480087280273
450,459,0.2898886203765869,2.0846896171569824
451,460,0.3584604263305664,2.0267512798309326
452,461,0.4311373233795166,1.3494696617126465
453,462,0.27542781829833984,1.5525963306427002
454,463,0.3153977394104004,2.2816262245178223
455,464,0.3900001049041748,1.9585890769958496
456,465,0.2925679683685303,1.795745849609375
457,466,0.33516979217529297,1.418215036392212
458,467,0.27545785903930664,1.8779497146606445
459,468,0.30500316619873047,1.5153393745422363
460,469,0.2917914390563965,1.389671802520752
461,470,0.3360018730163574,2.3683321475982666
462,471,0.39838552474975586,1.5667035579681396
463,472,0.2912628650665283,1.4829294681549072
464,473,0.28252625465393066,1.5600411891937256
465,474,0.2660536766052246,1.8912312984466553
466,475,0.2890031337738037,1.9545581340789795
467,476,0.3100166320800781,1.6142246723175049
468,477,0.27362966537475586,1.4134268760681152
469,478,0.28125667572021484,1.6704142093658447
470,479,0.3596165180206299,2.1434504985809326
471,480,0.38661646842956543,1.4983785152435303
472,481,0.27800488471984863,1.9625475406646729
473,482,0.2905709743499756,1.589289665222168
474,483,0.282428503036499,1.7665619850158691
475,484,0.2778327465057373,2.2961325645446777
476,485,0.3632059097290039,2.401921033859253
477,486,0.27120351791381836,1.6045434474945068
478,487,0.3725607395172119,1.8449745178222656
479,488,0.28125691413879395,1.7736952304840088
480,489,0.29582929611206055,1.7255115509033203
481,490,0.3149290084838867,1.6305439472198486
482,491,0.2958073616027832,2.266798496246338
483,492,0.33641910552978516,1.4906115531921387
484,493,0.317615270614624,1.89640474319458
485,494,0.27374267578125,1.250028371810913
486,495,0.2597501277923584,1.450333833694458
487,496,0.3397562503814697,1.2869353294372559
488,497,0.30339479446411133,3.8583478927612305
489,498,0.35015249252319336,4.183491230010986
490,499,0.6400718688964844,4.299350023269653
491,500,0.8169996738433838,2.41890287399292
492,501,0.306840181350708,1.8125674724578857
493,502,0.5020036697387695,1.8006322383880615
494,503,0.3169693946838379,1.8356640338897705
495,504,0.29039502143859863,1.6479780673980713
496,505,0.3776359558105469,1.5778343677520752
497,506,0.2980010509490967,2.2572388648986816
498,507,0.36426615715026855,1.8879404067993164
499,508,0.32094621658325195,2.0107052326202393
500,509,0.30077695846557617,1.783116340637207
501,510,0.41339564323425293,2.271894931793213
502,511,0.3319728374481201,1.8205065727233887
503,512,0.3191647529602051,2.6765947341918945
504,513,0.3881676197052002,2.089142322540283
505,514,0.448699951171875,2.103281021118164
506,515,0.29604601860046387,1.4303054809570312
507,516,0.36711597442626953,2.332343339920044
508,517,0.3822062015533447,1.7509942054748535
509,518,0.29830265045166016,2.408573627471924
510,519,0.352522611618042,1.8554916381835938
511,520,0.296872615814209,1.6830472946166992
512,521,0.2968764305114746,1.6676621437072754
513,522,0.3037536144256592,1.5390410423278809
514,523,0.32807302474975586,7.2467124462127686
515,524,0.8641810417175293,2.5822529792785645
516,525,0.34752321243286133,3.781527519226074
517,526,0.3777315616607666,1.9295933246612549
518,527,0.36988306045532227,2.080110549926758
519,528,0.322751522064209,1.5778684616088867
520,529,0.28125619888305664,2.0268213748931885
521,530,0.2812917232513428,2.674961805343628
522,531,0.5459990501403809,3.128546714782715
523,532,0.6099984645843506,2.616990566253662
524,533,0.6371805667877197,4.887333869934082
525,534,0.4495546817779541,3.254995584487915
526,535,0.5784192085266113,3.102519989013672
527,536,0.4334444999694824,2.55674147605896
528,537,0.48932743072509766,2.076826572418213
529,538,0.40937232971191406,2.8100473880767822
530,539,0.32505035400390625,1.6011741161346436
531,540,0.44049072265625,2.217313051223755
532,541,0.4151017665863037,2.672377109527588
533,542,0.4984169006347656,1.880612850189209
534,543,0.36900806427001953,2.370197296142578
535,544,0.3280510902404785,2.2056937217712402
536,545,0.32556843757629395,2.931469202041626
537,546,0.3874797821044922,1.9131135940551758
538,547,0.3451826572418213,2.0322763919830322
539,548,0.3293266296386719,1.5717363357543945
540,549,0.47600650787353516,2.343312978744507
541,550,0.3223750591278076,2.0878682136535645
542,551,0.4172534942626953,2.2622499465942383
543,552,0.6257810592651367,2.433755397796631
544,553,0.32802915573120117,1.971750020980835
545,554,0.3932650089263916,2.316610336303711
546,555,0.3939950466156006,2.2500195503234863
547,556,0.31000256538391113,2.1013975143432617
548,557,0.37630653381347656,1.4193809032440186
549,558,0.32496023178100586,1.8681182861328125
550,559,0.343189001083374,1.8279905319213867
551,560,0.3403749465942383,1.6128034591674805
552,561,0.36995553970336914,2.802992343902588
553,562,0.36222338676452637,2.051809072494507
554,563,0.30361366271972656,1.5966057777404785
555,564,0.30704164505004883,2.2969698905944824
556,565,0.31310510635375977,2.1968066692352295
557,566,0.40827059745788574,3.073838949203491
558,567,0.5091688632965088,3.3812594413757324
559,568,0.4920024871826172,3.498772382736206
560,569,0.5978274345397949,2.04399037361145
561,570,0.5146336555480957,3.55415415763855
562,571,0.33611321449279785,2.1128573417663574
563,572,0.33608555793762207,1.4087131023406982
564,573,0.3092823028564453,1.8597662448883057
565,574,0.32714414596557617,2.2026143074035645
566,575,0.43627262115478516,1.5857117176055908
567,576,0.33986926078796387,2.2179174423217773
568,577,0.3359968662261963,1.9364564418792725
569,578,0.3563828468322754,1.5152556896209717
570,579,0.3536860942840576,1.5907225608825684
571,580,0.3799152374267578,1.8360068798065186
572,581,0.34073948860168457,1.8752045631408691
573,582,0.30718040466308594,1.9369733333587646
574,583,0.3591785430908203,1.4088201522827148
575,584,0.3082575798034668,2.3275671005249023
576,585,0.32083988189697266,1.4228041172027588
577,586,0.32031846046447754,2.2009286880493164
578,587,0.3209707736968994,2.0139591693878174
579,588,0.331317663192749,1.8282370567321777
580,589,0.3288745880126953,1.827068567276001
581,590,0.32479357719421387,2.1793079376220703
582,591,0.32854485511779785,1.837144374847412
583,592,0.3195688724517822,2.2168829441070557
584,593,0.32774972915649414,1.8956446647644043
585,594,0.3341803550720215,2.012026309967041
586,595,0.34827685356140137,2.654093027114868
587,596,0.5342612266540527,2.2249021530151367
588,597,0.38703465461730957,3.173992872238159
589,598,0.34873390197753906,2.3296937942504883
590,599,0.3742363452911377,2.269835948944092
591,600,0.49148035049438477,2.4778196811676025
592,601,0.40999412536621094,4.674514293670654
593,602,0.9500017166137695,4.054116725921631
594,603,0.45596790313720703,2.673240900039673
595,604,0.5100977420806885,2.645070791244507
596,605,0.40240049362182617,2.6279473304748535
597,606,0.41275811195373535,2.5916225910186768
598,607,0.38511013984680176,2.756406307220459
599,608,0.43091320991516113,2.9191906452178955
600,609,0.4419682025909424,2.4170784950256348
601,610,0.43133544921875,4.01125955581665
602,611,0.35146403312683105,2.498897075653076
603,612,0.598637580871582,2.088841676712036
604,613,0.3568603992462158,1.9014983177185059
605,614,0.33289527893066406,2.5933237075805664
606,615,0.4392077922821045,2.3577871322631836
607,616,0.718059778213501,2.6686789989471436
608,617,0.482180118560791,4.423446893692017
609,618,0.4214329719543457,2.362828493118286
610,619,0.3936758041381836,2.1436026096343994
611,620,0.3667740821838379,1.876871109008789
612,621,0.3493070602416992,2.5566020011901855
613,622,0.35700082778930664,1.990910291671753
614,623,0.35541868209838867,1.7348361015319824
615,624,0.4516603946685791,3.421612024307251
616,625,0.37599849700927734,2.3773176670074463
617,626,0.36547374725341797,2.6382627487182617
618,627,0.34581923484802246,2.699092149734497
619,628,0.3705735206604004,2.33195161819458
620,629,0.4655625820159912,2.620283842086792
621,630,0.4839951992034912,2.0924994945526123
622,631,0.4505302906036377,2.453002452850342
623,632,0.4996495246887207,3.276808738708496
624,633,0.3661811351776123,2.268314838409424
625,634,0.4526498317718506,2.895793914794922
626,635,0.36835718154907227,2.0563035011291504
627,636,0.36883068084716797,1.705789566040039
628,637,0.3583223819732666,2.5316176414489746
629,638,0.38327598571777344,2.485891342163086
630,639,0.4987008571624756,3.17287540435791
631,640,0.448380708694458,2.427060127258301
632,641,0.3670518398284912,2.649848222732544
633,642,0.40517449378967285,1.916224479675293
634,643,0.4036848545074463,1.6538310050964355
635,644,0.3530008792877197,2.056023359298706
636,645,0.3589951992034912,2.2029199600219727
637,646,0.35695505142211914,2.8600504398345947
638,647,0.3579902648925781,2.120311975479126
639,648,0.5190842151641846,3.5232739448547363
640,649,0.3958253860473633,2.905214786529541
641,650,0.42502784729003906,2.4104974269866943
642,651,0.46829843521118164,2.5510361194610596
643,652,0.4028611183166504,2.748912811279297
644,653,0.3866255283355713,3.497760772705078
645,654,0.38612914085388184,2.782433271408081
646,655,0.45497679710388184,2.477261781692505
647,656,0.3833439350128174,1.7984681129455566
648,657,0.4333677291870117,2.9189658164978027
649,658,0.37799596786499023,2.9066619873046875
650,659,0.37000036239624023,2.383302927017212
651,660,0.4432401657104492,2.7428343296051025
652,661,0.5210576057434082,3.7941410541534424
653,662,0.4391331672668457,3.487945318222046
654,663,0.722010612487793,2.764247179031372
655,664,0.4732546806335449,3.5582451820373535
656,665,0.3730030059814453,2.4041061401367188
657,666,0.379040002822876,2.3903369903564453
658,667,0.4971022605895996,2.6513218879699707
659,668,0.5252602100372314,2.600062131881714
660,669,0.38284897804260254,3.1169116497039795
661,670,0.4199984073638916,2.7693116664886475
662,671,0.3912076950073242,2.6672427654266357
663,672,0.3942837715148926,1.908752202987671
664,673,0.3923027515411377,1.8632428646087646
665,674,0.38634300231933594,3.1555628776550293
666,675,0.3810544013977051,2.8901925086975098
667,676,0.40154504776000977,1.8476536273956299
668,677,0.3710007667541504,2.959515333175659
669,678,0.4211146831512451,4.194515705108643
670,679,0.4020805358886719,2.033970355987549
671,680,0.3724405765533447,2.865793228149414
672,681,0.3887348175048828,2.9244914054870605
673,682,0.37638115882873535,1.9950714111328125
674,683,0.3644082546234131,2.6566286087036133
675,684,0.37099647521972656,3.5341734886169434
676,685,0.4980030059814453,3.790461301803589
677,686,0.44547080993652344,3.07092547416687
678,687,0.4885568618774414,2.659360647201538
679,688,0.39052534103393555,2.6917777061462402
680,689,0.46437668800354004,2.194812536239624
681,690,0.39154911041259766,3.3526012897491455
682,691,0.449998140335083,3.7985074520111084
683,692,0.6401422023773193,1.8328578472137451
684,693,0.368314266204834,2.4164228439331055
685,694,0.37493133544921875,2.2023181915283203
686,695,0.37732362747192383,3.250519037246704
687,696,0.3817005157470703,2.9598190784454346
688,697,0.4433586597442627,4.225739240646362
689,698,0.45084261894226074,2.522624969482422
690,699,0.3604421615600586,2.6444356441497803
691,700,0.36097168922424316,2.9719696044921875
692,701,0.3432133197784424,2.467278480529785
693,702,0.3294332027435303,2.7429111003875732
694,703,0.340395450592041,1.8898310661315918
695,704,0.35294270515441895,1.8905937671661377
696,705,0.34992432594299316,1.724412441253662
697,706,0.35717296600341797,2.432204484939575
698,707,0.3417949676513672,1.5092825889587402
699,708,0.3394510746002197,2.4154579639434814
700,709,0.43091678619384766,2.710587978363037
701,710,0.343703031539917,2.265331745147705
702,711,0.3588142395019531,2.616420030593872
703,712,0.3609476089477539,2.6868035793304443
704,713,0.3996155261993408,2.5570242404937744
705,714,0.37355780601501465,3.1599111557006836
706,715,0.37142372131347656,3.5083653926849365
707,716,0.42835545539855957,3.081599473953247
708,717,0.36656713485717773,2.7524919509887695
709,718,0.3579990863800049,3.2591300010681152
710,719,0.36347532272338867,2.3440935611724854
711,720,0.3470022678375244,2.179687261581421
712,721,0.35230135917663574,2.7167673110961914
713,722,0.5154469013214111,2.4661247730255127
714,723,0.417999267578125,3.017092227935791
715,724,0.5203912258148193,2.515937328338623
716,725,0.4210023880004883,3.0691304206848145
717,726,0.3760514259338379,2.000218391418457
718,727,0.42268991470336914,3.451526165008545
719,728,0.3944108486175537,2.6970276832580566
720,729,0.373518705368042,1.9452626705169678
721,730,0.3867471218109131,2.8364906311035156
722,731,0.3916904926300049,2.88920259475708
723,732,0.5377686023712158,2.958815097808838
724,733,0.3907499313354492,2.981687068939209
725,734,0.3922610282897949,2.052219867706299
726,735,0.4099721908569336,3.392054796218872
727,736,0.4005615711212158,3.0966906547546387
728,737,0.3906981945037842,2.748920202255249
729,738,0.4476165771484375,2.1366708278656006
730,739,0.37560105323791504,2.1109819412231445
731,740,0.3730802536010742,2.450312852859497
732,741,0.3588449954986572,2.4691555500030518
733,742,0.35603976249694824,2.5632214546203613
734,743,0.37912845611572266,2.604452133178711
735,744,0.38300633430480957,3.472501277923584
736,745,0.38178014755249023,2.7713613510131836
737,746,0.37920689582824707,2.7392160892486572
738,747,0.36634016036987305,2.545128345489502
739,748,0.3640890121459961,4.46075177192688
740,749,0.46402955055236816,2.6527369022369385
741,750,0.48206329345703125,3.1464896202087402
742,751,0.45699024200439453,2.2688815593719482
743,752,0.6374773979187012,5.292347431182861
744,753,0.5340006351470947,3.0935356616973877
745,754,0.5946338176727295,3.6958694458007812
746,755,0.3959965705871582,3.243220806121826
747,756,0.5006864070892334,3.3206634521484375
748,757,0.5064823627471924,2.491248369216919
749,758,0.4031226634979248,2.2773029804229736
750,759,0.47520017623901367,4.28408408164978
751,760,0.4219949245452881,2.9552173614501953
752,761,0.39792919158935547,2.720932960510254
753,762,0.3784770965576172,2.0262293815612793
754,763,0.3835456371307373,2.651773452758789
755,764,0.383145809173584,2.676330327987671
756,765,0.41118383407592773,2.3452537059783936
757,766,0.41611409187316895,2.0490875244140625
758,767,0.417370080947876,3.1578519344329834
759,768,0.44310641288757324,2.434767007827759
760,769,0.4063565731048584,3.1702356338500977
761,770,0.4295663833618164,3.080357074737549
762,771,0.39625048637390137,4.914990663528442
763,772,0.39582252502441406,3.526768445968628
764,773,0.5111691951751709,3.2943778038024902
765,774,0.4269990921020508,2.9486827850341797
766,775,0.46276259422302246,2.2366039752960205
767,776,0.4198317527770996,3.3170242309570312
768,777,0.5159969329833984,4.014509677886963
769,778,0.4261789321899414,2.660994529724121
770,779,0.439983606338501,3.6640782356262207
771,780,0.4980905055999756,3.8391740322113037
772,781,0.4545719623565674,2.4063358306884766
773,782,0.43686985969543457,3.1509151458740234
774,783,0.43052005767822266,5.309021949768066
775,784,0.6985838413238525,4.3578782081604
776,785,0.6619338989257812,3.051584482192993
777,786,0.7439043521881104,4.2837769985198975
778,787,0.4496009349822998,4.016649484634399
779,788,0.49700021743774414,3.2548828125
780,789,0.4500758647918701,2.62320876121521
781,790,0.4712369441986084,5.32329797744751
782,791,0.4589207172393799,4.089070558547974
783,792,0.6059954166412354,4.7834532260894775
784,793,0.5484490394592285,3.1982500553131104
785,794,0.4851803779602051,4.493955135345459
786,795,0.5532853603363037,2.7609028816223145
787,796,0.4733724594116211,3.9398510456085205
788,797,0.4677622318267822,2.5661263465881348
789,798,0.4593226909637451,4.524403810501099
790,799,0.4263131618499756,2.8852081298828125
791,800,0.4267263412475586,3.7244760990142822
792,801,0.5611717700958252,2.370229482650757
793,802,0.39630889892578125,2.701754093170166
794,803,0.4309980869293213,3.7902920246124268
795,804,0.4015316963195801,3.6654155254364014
796,805,0.3976595401763916,2.6017260551452637
797,806,0.38489532470703125,3.0264227390289307
798,807,0.4060328006744385,2.767177104949951
799,808,0.38262248039245605,2.9015090465545654
800,809,0.40485334396362305,2.874483346939087
801,810,0.44844484329223633,3.5069098472595215
802,811,0.42026281356811523,3.05029296875
803,812,0.4538121223449707,2.5698413848876953
804,813,0.4390075206756592,3.4658374786376953
805,814,0.3683938980102539,2.2859301567077637
806,815,0.3992481231689453,2.545588254928589
807,816,0.5332973003387451,3.3166379928588867
808,817,0.45714426040649414,2.4505953788757324
809,818,0.40379834175109863,4.010394334793091
810,819,0.3808753490447998,2.1578497886657715
811,820,0.38488006591796875,2.067120313644409
812,821,0.37324976921081543,3.0010793209075928
813,822,0.4035027027130127,2.576904058456421
814,823,0.4456486701965332,2.350562572479248
815,824,0.4536149501800537,3.6636123657226562
816,825,0.40874743461608887,4.090236186981201
817,826,0.474595308303833,2.6449317932128906
818,827,0.3984794616699219,3.833442449569702
819,828,0.4729170799255371,2.5548255443573
820,829,0.38599324226379395,3.5299630165100098
821,830,0.395000696182251,3.334012269973755
822,831,0.40461254119873047,3.050532817840576
823,832,0.4093139171600342,3.1543354988098145
824,833,0.5332620143890381,3.3575451374053955
825,834,0.388197660446167,3.2729039192199707
826,835,0.4117927551269531,4.350194215774536
827,836,0.4748058319091797,3.320681095123291
828,837,0.46379590034484863,3.816323757171631
829,838,0.4478447437286377,3.1185433864593506
830,839,0.45569825172424316,3.518611192703247
831,840,0.4552443027496338,3.487788438796997
832,841,0.40051984786987305,3.446033477783203
833,842,0.4377894401550293,3.831092596054077
834,843,0.5342717170715332,2.692007541656494
835,844,0.48062801361083984,3.2868354320526123
836,845,0.43500304222106934,2.3654251098632812
837,846,0.4469118118286133,3.6872329711914062
838,847,0.5039944648742676,3.978832483291626
839,848,0.48301172256469727,4.481328010559082
840,849,0.49802708625793457,2.5557494163513184
841,850,0.47208404541015625,5.977963209152222
842,851,0.5335757732391357,3.976977586746216
843,852,0.5224792957305908,4.6343231201171875
844,853,0.585465669631958,3.3649849891662598
845,854,0.4290006160736084,4.875276803970337
846,855,0.49201393127441406,3.234412908554077
847,856,0.5119228363037109,4.761480331420898
848,857,0.5941426753997803,3.471942901611328
849,858,0.5061378479003906,4.090916872024536
850,859,0.4925975799560547,5.659601926803589
851,860,0.5928175449371338,4.694000005722046
852,861,0.5358090400695801,5.486328125
853,862,0.49277782440185547,4.776334524154663
854,863,0.48732709884643555,2.876953363418579
855,864,0.4882781505584717,3.9866256713867188
856,865,0.5270061492919922,4.084289789199829
857,866,0.5452513694763184,4.438000679016113
858,867,0.674180269241333,2.96134352684021
859,868,0.544013500213623,2.8654367923736572
860,869,0.5000443458557129,4.536648273468018
861,870,0.6238648891448975,4.248616695404053
862,871,0.5218327045440674,4.488614559173584
863,872,0.7721905708312988,6.104288578033447
864,873,0.9037878513336182,5.186394691467285
865,874,0.7661700248718262,4.298832178115845
866,875,0.4671013355255127,5.0204455852508545
867,876,0.5233650207519531,5.643290281295776
868,877,0.6266293525695801,5.188580513000488
869,878,0.4961435794830322,2.836251974105835
870,879,0.481020450592041,3.160684823989868
871,880,0.6146979331970215,3.6228678226470947
872,881,0.5518863201141357,6.832387447357178
873,882,0.6469998359680176,3.9962894916534424
874,883,0.8102495670318604,3.350600004196167
875,884,0.7966930866241455,4.5199058055877686
876,885,0.547377347946167,6.215438365936279
877,886,0.5493366718292236,4.281698942184448
878,887,0.4631927013397217,4.908102035522461
879,888,0.6228959560394287,3.1794965267181396
880,889,0.5623700618743896,4.120016574859619
881,890,0.5528049468994141,5.1476075649261475
882,891,0.5400097370147705,3.235203981399536
883,892,0.5869174003601074,4.183347940444946
884,893,0.57063889503479,4.365342855453491
885,894,0.5515809059143066,3.4993703365325928
886,895,0.6794233322143555,3.6528284549713135
887,896,0.5519819259643555,5.518544435501099
888,897,0.4986112117767334,4.509219408035278
889,898,0.5769457817077637,4.459950923919678
890,899,0.41113829612731934,3.151089906692505
891,900,0.5513699054718018,3.063640594482422
892,901,0.544609546661377,6.171623706817627
893,902,0.542454719543457,3.082242965698242
894,903,0.43399953842163086,2.868010997772217
895,904,0.45188283920288086,4.264887809753418
896,905,0.4850602149963379,4.973962783813477
897,906,0.46861910820007324,4.616801977157593
898,907,0.5380451679229736,3.0738275051116943
899,908,0.5111067295074463,2.960509777069092
900,909,0.5469865798950195,4.917148590087891
901,910,0.4428272247314453,3.038560152053833
902,911,0.6113066673278809,3.002434730529785
903,912,0.4887096881866455,2.847810745239258
904,913,0.5109381675720215,3.8636727333068848
905,914,0.4705038070678711,3.76562237739563
906,915,0.477536678314209,2.7839579582214355
907,916,0.49663758277893066,2.605104446411133
908,917,0.48261404037475586,2.97896409034729
909,918,0.48235511779785156,3.267878770828247
910,919,0.4537520408630371,3.251152515411377
911,920,0.5000002384185791,3.4254586696624756
912,921,0.4732232093811035,2.9137632846832275
913,922,0.5556960105895996,3.3778727054595947
914,923,0.47808146476745605,4.128904104232788
915,924,0.44927072525024414,2.317233085632324
916,925,0.44522809982299805,4.781065940856934
917,926,0.4337728023529053,4.200903654098511
918,927,0.5780069828033447,2.734935998916626
919,928,0.5310194492340088,5.141167879104614
920,929,0.48145556449890137,3.570422649383545
921,930,0.4727954864501953,2.8918344974517822
922,931,0.4782741069793701,2.8653969764709473
923,932,0.4757084846496582,4.046837568283081
924,933,0.46892261505126953,5.273627996444702
925,934,0.5058622360229492,4.306758165359497
926,935,0.4641897678375244,4.9383721351623535
927,936,0.49983954429626465,4.315347909927368
928,937,0.45862269401550293,4.865810871124268
929,938,0.48396825790405273,2.866623640060425
930,939,0.48569369316101074,6.481448650360107
931,940,0.8442645072937012,3.4211363792419434
932,941,0.7676913738250732,7.304502725601196
933,942,0.861997127532959,5.157384872436523
934,943,0.8203182220458984,4.253172397613525
935,944,0.6748371124267578,3.867379665374756
936,945,0.6059138774871826,5.393589496612549
937,946,0.8758194446563721,7.476908922195435
938,947,0.7102999687194824,6.7376930713653564
939,948,0.7150063514709473,7.026940584182739
940,949,0.6946313381195068,5.438694000244141
941,950,0.6249289512634277,6.075920104980469
942,951,0.641082763671875,5.9832985401153564
943,952,0.5946893692016602,6.206960201263428
944,953,0.5674755573272705,6.212686061859131
945,954,0.6486022472381592,5.952000617980957
946,955,0.5678808689117432,4.922735929489136
947,956,0.5714378356933594,5.3851318359375
948,957,0.5508220195770264,4.894988059997559
949,958,0.5554609298706055,3.47196626663208
950,959,0.5856330394744873,3.3812599182128906
951,960,0.5506610870361328,4.224181890487671
952,961,0.5367341041564941,3.7385783195495605
953,962,0.5261735916137695,3.3048293590545654
954,963,0.5333757400512695,3.342372417449951
955,964,0.5595595836639404,3.391388416290283
956,965,0.5501298904418945,4.769150257110596
957,966,0.5370302200317383,6.861990928649902
958,967,0.5584127902984619,4.3281919956207275
959,968,0.5315065383911133,4.135196924209595
960,969,0.5577199459075928,5.671306371688843
961,970,0.5598814487457275,6.513028860092163
962,971,0.7136483192443848,6.079761266708374
963,972,0.5659985542297363,6.095133304595947
964,973,0.5943024158477783,7.202894449234009
965,974,0.5616719722747803,4.880508899688721
966,975,0.5473177433013916,3.6449735164642334
967,976,0.7386472225189209,5.713101625442505
968,977,0.6047310829162598,5.405211687088013
969,978,0.5999143123626709,5.622719764709473
970,979,0.5494494438171387,5.959945440292358
971,980,0.8518242835998535,6.526237487792969
972,981,0.642221212387085,4.296435117721558
973,982,0.6413459777832031,4.189850568771362
974,983,0.5750389099121094,3.9436862468719482
975,984,0.5789918899536133,5.720709562301636
976,985,0.5761454105377197,3.72641658782959
977,986,0.5637924671173096,3.7249674797058105
978,987,0.5694131851196289,5.000419616699219
979,988,0.5664734840393066,3.9851160049438477
980,989,0.5710928440093994,5.307225942611694
981,990,0.5472621917724609,4.035224199295044
982,991,0.6246585845947266,6.775725603103638
983,992,0.7935709953308105,7.481754541397095
984,993,0.7049498558044434,7.1083269119262695
985,994,0.6807527542114258,4.4692254066467285
986,995,0.7117338180541992,4.5923614501953125
987,996,0.6807043552398682,6.359743118286133
988,997,0.6988646984100342,5.982136487960815
989,998,0.7263860702514648,10.794054746627808
990,999,0.8274304866790771,7.474944114685059
991,1000,0.6689352989196777,4.479222774505615
992,1001,0.7596981525421143,8.177972078323364
993,1002,0.8286807537078857,7.663633108139038
994,1003,0.9447789192199707,6.755779266357422
995,1004,0.6667084693908691,6.04663610458374
996,1005,0.6256225109100342,4.457220792770386
997,1006,0.7037711143493652,6.641360282897949
998,1007,0.661881685256958,5.197900772094727
999,1008,0.8635501861572266,9.40863299369812
